source,replicate,estimator,all_share_endemic,all_share_epidemic,all_share_neighbourhood,in_season_share_endemic,in_season_share_epidemic,in_season_share_neighbourhood,node_corr_endemic,node_corr_epidemic,node_corr_neighbourhood,share_abs_error,wis_lead4,pitcov95,pitcov80,pitcov50
sir_c0.0,0,truth,0.17482629089289503,0.825173709107105,0.0,0.37175443627422694,0.628245563725773,0.0,,,,,,,,
sir_c0.0,0,hhh4py,0.17009180267185922,0.8139120996481216,0.01599609768001928,0.3292291372041203,0.5958712510135822,0.07489961178229748,0.9553950918024299,0.9673537558454585,,0.07489961178229748,0.7177018633540372,0.9646739130434783,0.8315217391304348,0.5461956521739131
sir_c0.0,0,neural_lead1,0.11016455292701721,0.8602895140647888,0.029545865952968597,0.23315346240997314,0.7103503942489624,0.05649607256054878,0.9645965141862943,0.9636422444746864,,0.138600938473996,0.661218944099379,0.9538043478260869,0.8478260869565217,0.5461956521739131
sir_c0.0,0,neural_lead4,0.10464893281459808,0.8707836866378784,0.024567358195781708,0.21002070605754852,0.7187784314155579,0.07120096683502197,0.925665231485866,0.9322411076318035,,0.16173378237074262,0.5840838509316769,0.9619565217391305,0.8043478260869565,0.49728260869565216
sir_c0.3,0,truth,0.06758487487478448,0.6560468547355084,0.2763682703897071,0.23408087827288906,0.5339331274570657,0.2319859942700452,,,,,,,,
sir_c0.3,0,hhh4py,0.03834978594759215,0.5300998080063611,0.4315504060460468,0.11124004264984522,0.18379629960630028,0.7049636577438545,0.8616205842099427,0.6155110879629089,-0.029906166889858126,0.47297766347380926,0.713761645962733,0.967391304347826,0.8668478260869565,0.5461956521739131
sir_c0.3,0,neural_lead1,0.0518178716301918,0.7078894376754761,0.24029266834259033,0.18091045320034027,0.48926982283592224,0.32981979846954346,0.9170094161160876,0.6659781990738827,-0.1636677840671451,0.09783376694659524,0.6780667701863353,0.9619565217391305,0.8478260869565217,0.5271739130434783
sir_c0.3,0,neural_lead4,0.06277024000883102,0.6299120187759399,0.30731770396232605,0.1504548341035843,0.48156747221946716,0.36797767877578735,0.5221520905535503,0.6531672519269166,-0.1485612161800191,0.1359916919563227,0.7054347826086955,0.9728260869565217,0.8288043478260869,0.5135869565217391
sir_c0.6,0,truth,0.333419782775678,0.2733075652190594,0.3932726520052625,0.7154569531735767,0.11664789884922652,0.1678951479771968,,,,,,,,
sir_c0.6,0,hhh4py,0.11728518822998023,0.3250332404759392,0.5576815712940807,0.2478912225992819,0.09918262660218931,0.6529261507985287,0.9639060174844667,0.8805416581763874,0.73886992780011,0.48503100282133194,0.3842391304347825,0.9646739130434783,0.8369565217391305,0.5733695652173914
sir_c0.6,0,neural_lead1,0.24152086675167084,0.4151965081691742,0.3432825803756714,0.48929402232170105,0.18222768604755402,0.32847824692726135,0.9327093072692642,0.9218933162068222,-0.12913650155950343,0.22616290850013385,0.3296583850931677,0.9565217391304348,0.8586956521739131,0.5543478260869565
sir_c0.6,0,neural_lead4,0.4192511737346649,0.336252361536026,0.24449650943279266,0.5456759929656982,0.261517733335495,0.19280625879764557,-0.7508330936544264,0.6370875335996352,-0.8296641993425631,0.16978095275729785,0.42482531055900613,0.9538043478260869,0.8097826086956522,0.483695652173913
hhh4_fitted,0,truth,0.03169105266161965,0.4658609846802279,0.5024479626581524,0.06316307441778857,0.3793874101728602,0.5574495154093512,,,,,,,,
hhh4_fitted,0,hhh4py,0.04592438188009086,0.453472415594369,0.5006032025255401,0.09352218731002168,0.36733607979666416,0.5391417328933142,0.8578267532128147,0.9128826411260533,0.8150301349691058,0.030359112892233045,0.9943711180124224,0.9103260869565217,0.7581521739130435,0.4673913043478261
hhh4_fitted,0,neural_lead1,0.09453532844781876,0.4483133554458618,0.4571513235569,0.1636260747909546,0.3297893702983856,0.5065845251083374,0.4156146613539571,0.9138196635613403,0.7572730390555418,0.10046301527432719,1.063101708074534,0.8831521739130435,0.7391304347826086,0.44565217391304346
hhh4_fitted,0,neural_lead4,0.17609916627407074,0.2325098067522049,0.5913910269737244,0.3921627700328827,0.20630262792110443,0.4015346169471741,0.349276598288083,0.27152128181092994,-0.18072260546009228,0.32899968816451347,1.0816187888198758,0.8940217391304348,0.7255434782608695,0.39945652173913043
hhh4_no_ne,0,truth,0.6755799933461685,0.3244200066537373,9.413410693686345e-14,0.6726838339892885,0.32731616601059504,1.1637628518494392e-13,,,,,,,,
hhh4_no_ne,0,hhh4py,0.6492144500767509,0.33559761186462966,0.015187938058619333,0.6798066338282166,0.32019336617177074,1.2728457437895347e-14,0.8889659627854689,0.860323811645828,0.47275945404776826,0.007122799838928,0.18515139751552792,0.9510869565217391,0.7961956521739131,0.5081521739130435
hhh4_no_ne,0,neural_lead1,0.42997628450393677,0.40586721897125244,0.1641564965248108,0.45180055499076843,0.3978918790817261,0.15030759572982788,0.8434781904501659,0.7936565887360183,0.757296587578574,0.2208832938996813,0.19912655279503105,0.9347826086956522,0.779891304347826,0.5217391304347826
hhh4_no_ne,0,neural_lead4,0.586392343044281,0.15487144887447357,0.2587362229824066,0.5875837802886963,0.16161656379699707,0.25079965591430664,0.42731274864978885,0.4572772619868162,0.7260276495707644,0.2507996559141903,0.1920031055900621,0.9293478260869565,0.8097826086956522,0.5054347826086957
hhh4_strong_ne,0,truth,0.03696319684772901,0.3412160753630139,0.6218207277892571,0.05192642062776461,0.2758470651689044,0.6722265142033309,,,,,,,,
hhh4_strong_ne,0,hhh4py,0.05001352172033615,0.3129115523656934,0.6370749259139703,0.08138953240003934,0.2653610773598433,0.6532493902401174,0.8992444464394904,0.9119959098517723,0.8169165086824948,0.029463111772274644,1.1158773291925466,0.9184782608695652,0.7581521739130435,0.46195652173913043
hhh4_strong_ne,0,neural_lead1,0.10218122601509094,0.4192945659160614,0.4785241484642029,0.1582992821931839,0.350115567445755,0.4915851354598999,0.548830566085302,0.9188021625427732,0.7493981375043687,0.18064137129285046,1.1537461180124224,0.904891304347826,0.7445652173913043,0.44565217391304346
hhh4_strong_ne,0,neural_lead4,0.20644061267375946,0.14851102232933044,0.6450483798980713,0.39836180210113525,0.14028796553611755,0.46135029196739197,0.4834555123839644,0.515574915992883,0.37862243208988156,0.3464353516710482,1.1889169254658385,0.907608695652174,0.7581521739130435,0.44021739130434784
sir_c0.0,1,truth,0.20407937719093136,0.7959206228090686,0.0,0.3956921852725499,0.6043078147274501,0.0,,,,,,,,
sir_c0.0,1,hhh4py,0.21883476616536637,0.7642585300863814,0.01690670374825206,0.4596157985046377,0.46556050775737534,0.07482369373798692,0.9383745025280703,0.9440983170765722,,0.13874730697007473,0.6788431677018633,0.9157608695652174,0.7608695652173914,0.5217391304347826
sir_c0.0,1,neural_lead1,0.18187770247459412,0.7955089211463928,0.022613365203142166,0.374771386384964,0.586146354675293,0.03908221423625946,0.9978012028769574,0.9974262873512305,,0.03908223658800125,0.5157026397515526,0.9184782608695652,0.7717391304347826,0.5027173913043478
sir_c0.0,1,neural_lead4,0.1868555098772049,0.7748143076896667,0.03833018243312836,0.4354115128517151,0.48689815402030945,0.07769037038087845,0.9921674987555229,0.9943996847595686,,0.11740967933359214,0.4794642857142857,0.9402173913043478,0.8016304347826086,0.5380434782608695
sir_c0.3,1,truth,0.06340251740506433,0.6400963428694723,0.2965011397254635,0.5215069071690321,0.31746116512975797,0.16103192770121008,,,,,,,,
sir_c0.3,1,hhh4py,0.03426566358794761,0.4821089266958873,0.483625409716165,0.28325067099959683,0.17000947516318635,0.5467398538372169,0.924230054457914,0.7142591442095044,0.3573997614844118,0.38570792613600685,0.3914402173913043,0.9619565217391305,0.845108695652174,0.5353260869565217
sir_c0.3,1,neural_lead1,0.05510673671960831,0.622079074382782,0.3228141963481903,0.4834248423576355,0.24434667825698853,0.27222853899002075,0.9704832478540263,0.5222463314889008,0.06397410483949245,0.11119658148648838,0.4337344720496894,0.9402173913043478,0.7880434782608695,0.5
sir_c0.3,1,neural_lead4,0.10641244798898697,0.5505222082138062,0.3430652916431427,0.5883592963218689,0.20476117730140686,0.20687955617904663,0.4889162536753596,0.5204822855844032,-0.12163785697713805,0.11270000272951221,0.4003105590062111,0.967391304347826,0.8152173913043478,0.49728260869565216
sir_c0.6,1,truth,0.042799092249809594,0.3876378344379275,0.569563073312263,0.5038398199478652,0.2057841888105545,0.29037599124158053,,,,,,,,
sir_c0.6,1,hhh4py,0.0187947304286824,0.38515210112526044,0.5960531684460572,0.19473628272578908,0.1534117217533285,0.6518519955208824,0.9584506991069984,0.6765679865049952,0.045118621078082385,0.36147600427930193,0.38534549689440983,0.9646739130434783,0.8586956521739131,0.5461956521739131
sir_c0.6,1,neural_lead1,0.03865092620253563,0.6726976037025452,0.2886514365673065,0.5078807473182678,0.17761771380901337,0.3145015835762024,0.932234755758977,0.5786479700248938,-0.15872382768462545,0.028166497353282804,0.38798524844720494,0.9456521739130435,0.8125,0.5108695652173914
sir_c0.6,1,neural_lead4,0.036810874938964844,0.7632703185081482,0.19991880655288696,0.43606674671173096,0.14320874214172363,0.4207245111465454,0.9345735869407223,0.6545987497970265,-0.11780888535672983,0.130348519904965,0.39347826086956517,0.9782608695652174,0.875,0.5597826086956522
hhh4_fitted,1,truth,0.07460466593772608,0.43624635837013315,0.4891489756921408,0.357126611032246,0.20649487348009748,0.4363785154876565,,,,,,,,
hhh4_fitted,1,hhh4py,0.07991240662868923,0.4441061466565461,0.4759814467147648,0.3628364527571057,0.19195546002943348,0.4452080872134609,0.9757657904826301,0.9788947699983073,0.9160590982265381,0.014539413450664035,0.3883152173913043,0.9347826086956522,0.7934782608695652,0.48097826086956524
hhh4_fitted,1,neural_lead1,0.12486164271831512,0.5860885381698608,0.2890498638153076,0.5083601474761963,0.22449661791324615,0.26714321970939636,0.9269588860434256,0.9578959505247819,0.8370791949765178,0.16923528832767953,0.4048330745341615,0.9347826086956522,0.7717391304347826,0.5
hhh4_fitted,1,neural_lead4,0.2188764214515686,0.4234991669654846,0.3576244115829468,0.7706338167190552,0.08389823883771896,0.14546802639961243,0.7464024967585109,0.8312989227995888,0.6582934577314937,0.41350716470861587,0.39479813664596264,0.9538043478260869,0.8097826086956522,0.4891304347826087
hhh4_no_ne,1,truth,0.711323342067262,0.288676657932636,1.0190566303779705e-13,0.822012543827513,0.17798745617238446,1.0267032177196661e-13,,,,,,,,
hhh4_no_ne,1,hhh4py,0.617234363398804,0.28814476463877353,0.09462087196242246,0.7265904498072037,0.18895377338856453,0.08445577680423193,0.9220653897891926,0.9172257160625757,0.060602448498991296,0.09542209402030932,0.1900815217391304,0.9483695652173914,0.7989130434782609,0.5027173913043478
hhh4_no_ne,1,neural_lead1,0.5723072290420532,0.28936439752578735,0.13832834362983704,0.653026282787323,0.1986878663301468,0.14828583598136902,0.9173416691805892,0.9185565366664162,0.8204061909071035,0.16898625358960934,0.2011840062111801,0.9429347826086957,0.8070652173913043,0.5108695652173914
hhh4_no_ne,1,neural_lead4,0.7193284034729004,0.12555700540542603,0.15511454641819,0.7237887382507324,0.07485920190811157,0.201352059841156,0.6137720190014624,0.3752130728827242,0.7593369281501124,0.2013520598410534,0.19864130434782606,0.9592391304347826,0.8478260869565217,0.5081521739130435
hhh4_strong_ne,1,truth,0.12131017475358971,0.3247828687918853,0.5539069564545251,0.29907799095490656,0.18336552388553126,0.5175564851595622,,,,,,,,
hhh4_strong_ne,1,hhh4py,0.13722271921248572,0.32337551896233946,0.5394017618251747,0.37685014900104175,0.17670492360060738,0.4464449273983508,0.939980724206394,0.9140330487809314,0.635167015477903,0.07777215804613524,0.3878493788819875,0.9565217391304348,0.7744565217391305,0.4673913043478261
hhh4_strong_ne,1,neural_lead1,0.21260882914066315,0.4602849781513214,0.32710620760917664,0.5087063312530518,0.19113603234291077,0.3001575767993927,0.7678143873657992,0.9042929495700849,0.5132867933573505,0.21739887855784712,0.4011063664596273,0.9266304347826086,0.779891304347826,0.5081521739130435
hhh4_strong_ne,1,neural_lead4,0.4235759377479553,0.2743837833404541,0.3020402491092682,0.8699262738227844,0.038982607424259186,0.0910911038517952,0.4156106018821174,0.8471108582525214,0.5393080631152959,0.5708482903184584,0.3882181677018633,0.9619565217391305,0.7880434782608695,0.5054347826086957
